,PC1,PC2,PC3,song_name,artist_name,year,clusters
0,-0.6487201070650629,-0.55737718612127,1.0250547279681756,’98 Braves,Morgan Wallen,2023,2
1,-1.355412131871187,-1.1791248043934217,-0.5375010220963085,Need A Favor,Jelly Roll,2023,2
2,-1.5975939337276746,-0.7574766311852198,-0.7943856741311089,red (feat. Morgan Wallen),HARDY,2023,2
3,-0.26460313086985077,-0.5162174532365997,-0.45646462963598483,Religiously,Bailey Zimmerman,2023,3
4,-1.653151198158916,-1.7718329251317013,0.07878410042335929,Try That In A Small Town,Jason Aldean,2023,2
5,-0.5140235638884784,-0.9244761765353833,-0.3937522348644051,Memory Lane,Old Dominion,2023,2
6,-1.3652651623281804,0.05648419204805769,-0.1929504809107294,I'm Not Pretty,Megan Moroney,2023,2
7,2.246976071499708,-1.341776450149706,0.574521009120099,In Your Love,Tyler Childers,2023,3
8,-0.029702276322896654,-1.7774885997887102,0.7616166164718655,Pretty Little Poison,Warren Zeiders,2023,2
9,-1.4890412134669004,0.4730209104002473,2.1202409693529227,Love You Again,Chase Matthew,2023,2
10,0.4451372241316973,2.3311460516779285,2.702338569287721,Levels,BigXthaPlug,2023,1
11,0.7531740924485402,0.3369342684802836,1.8392130574950711,Hey Driver (feat. The War and Treaty),Zach Bryan,2023,3
12,-0.09850056020797326,1.576449807725583,-1.5610852572848313,Johnny Dang (with Paul Wall & DRODi),That Mexican OT,2023,1
13,-0.6009343466686502,-0.655075736460269,-0.30171355764335694,Something's Gonna Kill Me,Corey Kent,2023,2
14,-1.981223284447153,-0.8367396560071954,-0.06791516190380734,Looking for You,Chris Young,2023,2
15,-0.14072707181050803,-1.684094056068584,0.3216220123513541,The Painter,Cody Johnson,2023,2
16,-0.03135918329159359,-1.8856431056055993,0.2750336155930106,Angels (Don’t Always Have Wings),Thomas Rhett,2023,3
17,-2.0178950586219373,1.1584868927355474,1.1757659947007004,Out Of That Truck,Carrie Underwood,2023,2
18,-0.8337366356861574,-1.7235850652700602,0.4561910645042343,Outskirts,Sam Hunt,2023,3
19,0.5305130636702335,0.3421983890699923,-0.12012974607425383,This Town's Been Too Good To Us,Dylan Scott,2023,2
20,1.4167848267603285,1.6854942462681224,1.0370588101815312,SkeeYee,Sexyy Red,2023,1
21,-1.4843493347440677,-1.7091925891956834,-0.10497541956816639,Giving Up On That,Dalton Dover,2023,2
22,-1.4993603194982623,-1.611359494011299,-0.007680977051986032,World on Fire,Nate Smith,2023,2
23,1.9936815927745613,-1.2338049191901463,0.38733013325674803,Fight The Feeling,Rod Wave,2023,2
24,0.6987871690367481,0.6587978474848696,-0.40072809209071897,Stand By Me (feat. Morgan Wallen),Lil Durk,2023,2
25,-0.4336945588460076,-1.7778485896064948,0.18746477945374224,Burn It Down,Parker McCollum,2023,2
26,0.986061098996882,-0.7531378168674627,1.2436798283666914,Love You Anyway,Luke Combs,2023,3
27,-2.669108184930368,0.22229295854046166,-0.7763269658244432,Drive You Out Of My Mind,Kassi Ashton,2023,2
28,0.7129534032855211,-0.21563599007040082,-0.5065359032561225,Light On In The Kitchen,Ashley McBryde,2023,3
29,-1.151432713083847,-1.8110568772419748,-0.02689519656034694,Bury Me in Georgia - Single Edit,Kane Brown,2023,2
30,-0.3544498267660542,-1.7055501568450957,0.4829013772178362,Different 'Round Here,Riley Green,2023,2
31,3.139231071655265,1.0352000353307234,1.1846316917777249,Rich Men North of Richmond,Oliver Anthony Music,2023,3
32,0.8887741668305942,-2.180349400112103,0.8081929593060647,White Horse,Chris Stapleton,2023,4
33,1.8716811456617035,-0.15765166443500991,0.19428194183885877,GEEKALEEK (feat. Cash Kidd),OHGEESY,2023,1
34,-0.8563248776932929,-1.8254253985442572,0.5903418663590712,Lucky,Elle King,2023,2
35,1.3363679679714229,1.0941665881872005,-1.0134050685333778,Peaches & Eggplants (feat. 21 Savage),Young Nudy,2023,1
36,-0.7452338408943644,-1.1692101873682834,0.18216586808049182,Standing Room Only,Tim McGraw,2023,2
37,0.36022734375101884,-0.7099825556118973,-0.3706712407237347,Tucson Too Late,Jordan Davis,2023,3
38,-0.6719236258327093,-0.4405010166169765,-0.44318061695879235,Nobody's Nobody,Brothers Osborne,2023,2
39,-3.1940208650748656,-0.045087392711743814,0.04499980372755853,Creek Will Rise,Conner Smith,2023,2
40,-0.3483827412290718,-1.0491574182037922,0.08722986599301535,Glory Days,Gabby Barrett,2023,2
41,0.46473599149705125,-0.06937950688988348,2.532025951697455,Mountain With A View,Kelsea Ballerini,2023,3
42,-1.800611685690346,-1.0889691253813458,0.21062181092115306,But I Got A Beer In My Hand,Luke Bryan,2023,2
43,-0.897755386318828,-0.07295419360003222,-1.110949294467871,goodbye looks good on you (feat. Mitchell Tenpenny),Alana Springsteen,2023,3
44,-0.9695342094661411,0.6303580208491399,1.1780583356238783,All I Need Is You,Chris Janson,2023,2
45,0.20144972279744827,-1.7307009150679424,0.3946699131177841,Record High,Dylan Marlowe,2023,2
46,0.5045120847489221,-0.6545878292428183,-0.33984654194274283,Florida Water (feat. Luh Tyler),Danny Towers,2023,1
47,0.3169678364546443,-1.028302408966364,0.2983437198133086,Trouble,Josh Ross,2023,2
48,0.79167500568395,-0.3902999425103735,-0.3956409959746525,Dance With You,Brett Young,2023,3
49,0.47629474995531057,-0.40142997385578255,0.4198777016097751,We Don't Fight Anymore,Carly Pearce,2023,3
50,1.0136063351389357,0.2649842210078211,-1.072082693554845,Put It On Da Floor Again (feat. Cardi B),Latto,2023,1
51,0.8002305529009412,-0.025866166163290686,0.26836119356152005,SHAKE SUMN,DaBaby,2023,1
52,-0.6562516066678916,-0.028517568201641415,-0.6126944644130089,500lbs,Lil Tecca,2023,2
53,-0.96742471621269,-1.6469837937463139,-0.11908151039716933,Dig,Ian Munsick,2023,2
54,2.7342313908379436,0.1095267401087305,-0.3299370928035207,Favorite Song,Toosii,2023,3
55,-0.34091732996077245,0.802998915580369,-1.0252884738157426,Motion God,Moneybagg Yo,2023,1
56,0.47657631263580563,0.2628180003652462,-0.724898164803683,Dial Drunk,Noah Kahan,2023,2
57,-0.763538688571371,-1.0438693504716339,1.436255884784927,Save Me The Trouble,Dan + Shay,2023,2
58,-0.7336626113380686,-1.2382756246313817,-0.48324509128964505,Wasted (feat. Kodak Black & Koe Wetzel),Diplo,2023,2
59,-1.1235214624785461,-0.7606527551282035,-0.24383550936927206,Bitch Let's Do It,YoungBoy Never Broke Again,2023,2
60,1.6831146822597123,0.8446751076676732,1.209956700129046,Ron Artest,Babyface Ray,2023,1
61,0.12385848914154189,-1.892192145075209,1.0833990221574683,Out On Bond,BabyTron,2023,2
62,-0.5101233659202733,-0.5124753983962446,-0.5591052913893042,Wolves Cry,Bryan Martin,2023,2
63,-1.3579023601877922,-0.4491877245409056,-0.6365862209748222,See You Next Summer,Brian Kelley,2023,2
64,-1.5046297802835427,-0.6128280646330736,-0.09589780326263528,Hot Boy (feat. Lil Baby),Nardo Wick,2023,2
65,0.7658593789434409,-0.4497177960462397,0.20007453412510412,Flooded The Face,Lil Uzi Vert,2023,3
66,-1.1408563008127381,-0.73091271905234,0.08040161729362291,Fires Don't Start Themselves,Darius Rucker,2023,2
67,5.10207628057607,0.897375684916775,0.05895418654446044,First Day Out (Freestyle),Rundown Spaz,2023,1
68,-1.0667303843101157,-0.26580833575430596,-0.8091134021438997,For What It’s Worth (feat. Alana Springsteen),BRELAND,2023,2
69,1.491327395133017,-0.8446705932539053,0.09168672210527334,Back Flippin,Luh Tyler,2023,1
70,-0.4382553968906436,1.8827480512471717,0.09696245120442058,06 Gucci (feat. DaBaby & 21 Savage),Gucci Mane,2023,1
71,0.21934885746864066,-0.2900498016520693,-0.08488178279894176,Deli,Ice Spice,2023,1
72,-0.9008277806595545,2.64996532868841,2.669369986569688,Conceited (feat. Lola Brooke & Maiya The Don),Flo Milli,2023,1
73,2.126510040165442,-1.0378979468267804,0.3306387635882125,Hold On,Luke Grimes,2023,3
74,-0.5214289941013377,-0.05943433191435031,-0.048276665761719524,If You Were A Song,Abbey Cone,2023,2
75,0.9355991140185399,-0.21139913363836701,-0.4415481527589807,Go Hard,Lil Baby,2023,1
76,0.9184653043530674,-1.8171841682573886,0.4848905394347604,Heart They Didn't Break,Maddie & Tae,2023,3
77,-0.5866150382742065,-0.8249604285592717,0.4229593184605728,Wild Ones (feat. Jelly Roll),Jessie Murph,2023,2
78,4.37693336574009,1.8730691086435414,-1.0345663271063499,Presidential Rolex,Key Glock,2023,1
79,0.47847731568400675,0.9513372916065033,1.4814288696492952,Thats How,Young Dolph,2023,1
80,2.56288419875918,-0.6503783212357268,0.6334052481494838,Coal,Dylan Gossett,2023,3
81,-0.21749250834995645,0.05372911742390236,-0.9173032393148463,Oh U Went (feat. Drake),Young Thug,2023,1
82,2.055344193451004,-0.8874834114510021,0.09444237347129776,Sober Me Up,LECADE,2023,3
83,0.6793066131748403,0.3313319939410105,-0.18378508658499568,On My Mama,Victoria Monét,2023,3
84,1.0973410424524477,0.730593044468651,1.0523771027505988,"Bent (with Kyle Richh, Jenn Carter & TaTa)",41,2023,1
85,0.0830550461311215,-2.3341464373324494,0.6321609132421613,Songs We Used To Sing,ERNEST,2023,3
86,2.056435977798491,0.43045195737326497,-0.35004118531330136,Jersey Giant,Evan Honer,2023,3
87,-2.0185091406270668,-1.7968115926347317,1.0810707134020188,That's Why We Fight (feat. Koe Wetzel),Ella Langley,2023,2
88,0.6998325714986502,1.018269406147608,-1.3845179327422694,Lick Or Sum,GloRilla,2023,1
89,3.2408300828209238,0.05360987761076593,-0.13332885563598845,Leave Her,LUCKI,2023,1
90,1.4890646671961387,1.5731035727344271,0.9310362131245068,Search & Rescue,Drake,2023,1
91,-0.5003845934945703,1.090930585644926,-0.37146205554646544,DOGTOOTH,"Tyler, The Creator",2023,3
92,0.540069008632577,-1.642654103639277,-0.11024059144052319,Mean Old Sun,Turnpike Troubadours,2023,3
93,1.0217675492854867,-0.3825327501601884,-0.1456526890479244,Point Me 2 (with Cardi B),FendiDa Rappa,2023,1
94,-1.1670435482163999,-1.9502706177741442,0.4316115224146155,Pray All The Way Home,Austin Snell,2023,2
95,-2.1458558415769793,-0.887724729732457,0.5106335943693193,Last Rodeo,Restless Road,2023,2
96,1.2931361333922535,0.675933486950975,-0.7659347370048728,Overdose,Finesse2tymes,2023,1
97,-0.1180981522084946,0.7900632854874451,-1.52904458624101,Strike (Holster),Lil Yachty,2023,1
98,-1.0254643399382652,-0.038685012225505126,-0.8942093116791436,"Six Lines, Two Dragons, and a Messiah",$uicideboy$,2023,2
99,0.0843298079885866,0.8005143101421343,-0.7769375425871519,Turn Yo Clic Up (feat. Future),Quavo,2023,1
100,1.0483549770070337,-1.7723625280116428,0.294056878060533,Flower Shops (feat. Morgan Wallen),ERNEST,2022,3
101,-1.9616421997852815,2.3925041214090146,2.68449370002959,You Proof,Morgan Wallen,2022,2
102,-1.4115061184744828,0.3879207964928197,0.7806994279506658,Broadway Girls (feat. Morgan Wallen),Lil Durk,2022,2
103,-0.8936201857864786,-0.5286456771001828,-0.3323778214810106,5 Foot 9,Tyler Hubbard,2022,2
104,-2.626989411714611,0.753761510497209,0.6934020120999521,She Had Me At Heads Carolina,Cole Swindell,2022,2
105,-0.5739234227129704,-1.095768015563253,0.07502525005254207,Wild as Her,Corey Kent,2022,2
106,-0.17393928086545557,-0.757491480856161,0.8875065103514549,Fall In Love,Bailey Zimmerman,2022,3
107,-2.215685592168819,0.2544332874703436,-1.3475838210815407,Last Night Lonely,Jon Pardi,2022,2
108,-0.5213233445959562,0.34124883453795474,-0.5226285774950619,What My World Spins Around,Jordan Davis,2022,2
109,-0.3761182320216265,1.757127804667786,-0.12015601011393624,Everything She Ain’t,Hailey Whitters,2022,2
110,-1.205064642488016,-0.9982175309264351,-0.20937181850191394,Whiskey On You,Nate Smith,2022,2
111,-0.09385370993462237,-0.7997151884511294,0.29849737381550473,Heart Like A Truck,Lainey Wilson,2022,2
112,1.1674721096653402,-1.2813331090094053,0.23299543518349838,From Austin,Zach Bryan,2022,3
113,1.321343972727945,-1.6067777156162164,0.4017535004612725,wait in the truck (feat. Lainey Wilson),HARDY,2022,3
114,1.1738165833407275,-0.6340915549047569,-0.1143512684049002,Can't Have Mine (Find You A Girl),Dylan Scott,2022,3
115,-1.260131919514788,-0.4599083277450717,-0.3913741204435721,Trouble With A Heartbreak,Jason Aldean,2022,2
116,-1.7738303437377274,-0.3116045688012789,0.09367128626721412,down home,Jimmie Allen,2022,2
117,-1.8263273538872713,1.0504170724841622,-0.13705175804557285,HEARTFIRST,Kelsea Ballerini,2022,2
118,0.7473052643678133,-2.1456059491048958,0.7397294219030487,Tennessee Orange,Megan Moroney,2022,3
119,-0.9304405554550765,-0.886786198661584,-0.43986560173750777,The Kind of Love We Make,Luke Combs,2022,2
120,-2.4457698586365635,0.5010813955419869,1.0333487894947568,Handle On You,Parker McCollum,2022,2
121,1.6321202142949287,2.329346312980468,0.9606566485366208,F.N.F. (Let's Go),Hitkidd,2022,1
122,2.643729163458357,-0.49813964081568607,0.05870571392761789,Dah Dah DahDah,Nardo Wick,2022,1
123,-1.2905705452625345,0.4697197408764143,0.8925137047441589,Like I Love Country Music,Kane Brown,2022,2
124,-1.5970335110678617,-0.23631760996332615,0.01078445342185953,My Bar,Priscilla Block,2022,2
125,-0.29455580462981024,0.14143623840650885,-0.21390704863441495,Songs About You,Brett Eldredge,2022,2
126,-2.813859485739955,0.5530662695969831,-0.11487020426572761,Party Mode,Dustin Lynch,2022,2
127,1.975445403299483,-0.11415444318242819,1.4425275702119258,Cold December,Rod Wave,2022,1
128,-1.758157323400986,0.33391400554053624,0.5459914512379247,Half Of Me,Thomas Rhett,2022,2
129,0.24046897682746013,-2.073603379334268,2.219225579932387,Long Live Cowgirls (with Cody Johnson),Ian Munsick,2022,3
130,1.2281470859033807,1.3845228638224985,-1.4068297031338532,Don't Play That,King Von,2022,1
131,-1.3185178633354588,-0.10864655423222079,-0.23292280531264722,Every Night Every Morning,Maddie & Tae,2022,2
132,-2.1853303262308272,-0.929355170711974,-0.5580774149727058,Out In The Middle,Zac Brown Band,2022,2
133,0.4924952612760485,0.0217138445609733,-0.678740827802309,Black Ball,YoungBoy Never Broke Again,2022,3
134,-0.9007016083545355,-0.8158407499478182,1.1626778275771428,Ghost Story,Carrie Underwood,2022,2
135,-0.8056850923135255,0.5784967014532704,-0.1740116358308219,If He Wanted To He Would,Kylie Morgan,2022,2
136,0.7692442214233458,-0.24678743094989614,0.6149204900805377,Waddup (feat. Polo G),PGF Nuk,2022,1
137,-0.59953227573012,-0.9410882335920974,0.4679798935519971,Girl On Fire,Kameron Marlowe,2022,2
138,-1.333341221903443,-0.536005356531416,-0.38218654930514695,Dancin' In The Moonlight (feat. Lauren Alaina),Chris Lane,2022,2
139,1.5829565776572716,-2.382603093448471,1.1713415986525466,Never Til Now (feat. Brett Young),Ashley Cooke,2022,3
140,-0.9098765646615138,-1.223915586176337,-0.6000278820583416,Country On,Luke Bryan,2022,2
141,4.233565860093845,-0.09648970822703623,-0.10650179411135118,Sleazy Flow (feat. Lil Baby) - Remix,SleazyWorld Go,2022,1
142,1.313634584072554,-1.2464985846994063,0.09415659022706581,Good Ol' Man,Drew Green,2022,3
143,-0.6344807240417487,2.9302966882075547,1.3095175711737745,Bestie,DaBaby,2022,1
144,-1.6780542542606685,0.08342870047939892,-0.9906012018430942,Circles Around This Town,Maren Morris,2022,2
145,0.6471066982558721,0.8376458750652384,-1.2184196191927246,Praise the Lord (feat. Thomas Rhett),BRELAND,2022,1
146,0.5429059113282209,-0.22666409508736776,-0.8440381062105679,Strange,Miranda Lambert,2022,2
147,0.3662577214710777,0.48925998203385895,-1.0731846590671448,Stick Season,Noah Kahan,2022,3
148,-1.098542703444741,-1.0230273314480016,-0.21586744801457117,Worth A Shot (feat. Dierks Bentley),Elle King,2022,2
149,0.6979378395042478,0.13158177487667114,-0.290843968866256,PUFFIN ON ZOOTIEZ,Future,2022,1
150,-1.390993756605203,0.588650490419099,-1.1767569203267783,Tomorrow 2 (with Cardi B),GloRilla,2022,1
151,-2.15837115608303,0.1580231055894231,1.5074641155736541,Longneck Way To Go,Midland,2022,2
152,0.1128922750418399,0.008275755725172949,-0.7347419145260273,Love & War,Kodak Black,2022,3
153,1.7477517699161755,0.6027075397499008,-0.5960530309408828,See Wat I’m Sayin,Moneybagg Yo,2022,1
154,-1.2768215517603214,-0.017700209656223792,0.5483408675385232,Rumors (feat. Lil Durk),Gucci Mane,2022,2
155,-1.660318335473112,0.7455555898167631,-1.2796919193781195,Good Beer,Seaforth,2022,2
156,-0.35693083187239805,-1.0361162149645489,-0.07512341415634287,We Got History,Mitchell Tenpenny,2022,2
157,0.7487846749350742,0.7719329135092374,-0.9851607111238433,HANDSOMER (Remix) (Feat. Ktlyn),Russ,2022,1
158,0.13591865024612926,-0.7032829295620591,-0.5611547161871235,Don't It Sound Alright,Adam Doleac,2022,2
159,0.40232292355112453,0.7911626025677038,0.9012084436987703,Thump Shit,42 Dugg,2022,1
160,0.347512289554794,-1.7228732278774224,0.38814129561132216,Right On,Lil Baby,2022,1
161,-2.303212157262205,1.0183368662521062,-1.0056564768765446,Gold,Dierks Bentley,2022,2
162,2.2894113183897815,-1.1073835273953772,0.4138030478524958,ALL MINE,Brent Faiyaz,2022,3
163,0.6311008434329441,1.1418452952191598,-1.2344604059018884,Plan B,Megan Thee Stallion,2022,1
164,-0.7061030993641616,-1.5021629947557373,0.834511837383495,Me Myself and Why,Alana Springsteen,2022,2
165,3.0286794792422014,0.35160915768745715,-0.48726954906878883,Banking On Me,Gunna,2022,3
166,0.09983052947115639,1.553220296152948,-0.6298649868369959,Scared Money (feat. J. Cole & Moneybagg Yo),YG,2022,1
167,-0.3792928336042167,2.633430180494689,2.0242968361050124,Conceited,Flo Milli,2022,1
168,-1.0686052180063714,-0.7523975943429633,1.18595153123246,Creeps,Koe Wetzel,2022,2
169,-1.3057270371067522,-0.34840288663803015,1.0674783487934822,Love Talking,Eli Young Band,2022,2
170,-1.199423758938948,0.286450502834454,1.724756704679239,Rolex® On A Redneck,Brantley Gilbert,2022,2
171,0.1818256776498124,1.3284156326519476,0.9712731588816793,I Be,Key Glock,2022,1
172,0.9743935346216589,-0.3197154160926046,0.6864259365675329,Poppin,Yeat,2022,3
173,0.8238038537032601,-0.31889943181884606,0.5947805863675338,Greener Pasture,Carter Faith,2022,2
174,1.9098840475156105,-0.9332368055564915,-0.09196480846612887,FOR FUN,Lil Uzi Vert,2022,1
175,-0.9256054603537254,0.18581129992582088,-1.301774411182805,Hell Yeah,Little Big Town,2022,2
176,0.39568421793819947,0.30401789070341334,-0.09340312450561125,Hall of Fame,Young Dolph,2022,1
177,-1.4594404417343043,-0.620070870040893,-0.14168032414670154,Hell Of A Way To Go,Riley Green,2022,2
178,0.43555157401174516,-0.09914653909876972,0.954891289366339,Surround Sound (feat. 21 Savage & Baby Tate),JID,2022,1
179,0.3645655787580404,-0.0137444857497149,-0.4574507409707665,Way of the Triune God - Hallelujah Version,Tyler Childers,2022,3
180,0.8162559521368778,-0.5282093544456806,-0.32824647753949254,Cash In Cash Out,Pharrell Williams,2022,1
181,-2.947402285490961,0.5583419612742717,0.33050957250743485,Beer With My Friends,Kenny Chesney,2022,2
182,1.1194011995643924,0.9686845527187374,0.08790303577451243,HOME,Mike Dimes,2022,1
183,0.3965758783066468,1.6776516297926307,-1.3103598287688984,Silent Hill,Kendrick Lamar,2022,1
184,-2.362904288420758,-0.7831109722556922,0.10930064487828652,Dates In Pickup Trucks,Kassi Ashton,2022,2
185,0.8483018705792263,-1.537635532747739,0.07465207010123082,Growing Old With You,Restless Road,2022,3
186,-0.8115581215197616,-0.9466722085751931,-0.7133908626191011,Brown Eyes Baby,Keith Urban,2022,2
187,-0.8961644479586518,1.692092917106193,-1.9279676226623281,We Not Humping - Remix,Monaleo,2022,1
188,-0.20764293712194332,0.6720219771530527,-0.6469064367205741,Man in the Mirror,A Boogie Wit da Hoodie,2022,1
189,-0.01081708511690457,0.029328580750903888,-0.5749026520959138,Million Dollars Worth of Game (feat. 42 Dugg),2 Chainz,2022,1
190,2.4632431811969604,-0.5639952343941005,1.0244696906184698,AWKWARD FREESTYLE,Eem Triplin,2022,1
191,-1.2075913873697324,1.4236727332205001,-1.6755297233556417,Can't Stop Won't Stop (feat. Kodak Black),King Combs,2022,1
192,0.18064837955028143,0.36510984868555024,-0.8605617850728259,Don’t Play (with Lil Baby),Polo G,2022,1
193,1.291365244597268,1.3485629503124266,-1.3112972731911552,Let's Get It (Remix) [feat. 21 Savage],Hunxho,2022,1
194,-1.957736122783162,2.3077604094914985,3.37668265149089,Stick (with JID & J. Cole feat. Kenny Mason & Sheck Wes),Dreamville,2022,2
195,1.648800424041468,-0.799843275408415,0.42555793406170855,Flossin’ (feat. YoungBoy Never Broke Again),Internet Money,2022,1
196,0.04747737402259803,2.375775671511328,1.2916162833101197,It's Givin,Latto,2022,1
197,3.0356621997133866,0.18853726593610592,-0.3408105087749706,2 Million Up,Peezy,2022,1
198,0.31686515228057627,-0.12061328117618689,0.8674309864147928,HOTEL LOBBY (Unc & Phew),Quavo,2022,1
199,0.4777202023997606,0.7140620396001992,0.9605357826671366,Certified (feat. Gunna),Pooh Shiesty,2022,2
200,0.32254110128402963,-1.6856407146073593,0.3426385385993763,Sand In My Boots,Morgan Wallen,2021,3
201,1.260942623070405,1.0149177435952217,0.5062927668253562,Time Today,Moneybagg Yo,2021,1
202,-1.7242950945123365,-0.4275223846695878,-0.8025380811503824,Drunk (And I Don't Wanna Go Home),Elle King,2021,2
203,0.598396221542071,-0.9128604554615616,-0.2622605769887781,Buy Dirt,Jordan Davis,2021,3
204,-1.2506468084362323,1.3824458851293007,0.3658561564344447,Fancy Like,Walker Hayes,2021,2
205,-0.027455211140086568,-0.6921126253021049,-0.0876040391121622,Chasing After You,Ryan Hurd,2021,3
206,-1.6786579937575539,-1.3513093431051886,-0.2060252046668584,Dicked Down in Dallas,Trey Lewis,2021,2
207,-0.4637841275544116,-0.7358083571995255,-0.14996665613446586,Tombstone,Rod Wave,2021,3
208,-1.7992318933203,-0.8633007415116447,-0.6166298326314397,Thinking 'Bout You (feat. MacKenzie Porter),Dustin Lynch,2021,2
209,-0.3490527761007666,1.5858951731885629,0.546197610127444,Hellcats & Trackhawks,Only The Family,2021,1
210,-0.8001231938159677,-1.4326693203286356,-0.07050101959992225,If I Didn't Love You,Jason Aldean,2021,2
211,-1.220765313528456,-1.2894583108336657,-0.14586976483811298,'Til You Can't,Cody Johnson,2021,2
212,1.0731566650454536,-1.8109125463819287,0.5801205885943859,Country Again,Thomas Rhett,2021,3
213,-2.245644098116774,0.09625897842348766,-0.18060546378477416,I Was On a Boat That Day,Old Dominion,2021,2
214,0.13219150405865362,1.2956764411187303,-0.3855177180858764,Neighbors (feat. BIG30),Pooh Shiesty,2021,1
215,1.6877216215943627,1.2945984724714426,-1.1789008073347285,4 Da Gang (with Roddy Ricch),42 Dugg,2021,1
216,-1.4747313635186423,0.39228488723462446,0.9881137260017231,Better Than You’re Used To,Tyler Rich,2021,2
217,-0.700742122985145,-1.1544348650425516,-0.09324441550511985,Always Gonna Love You,Florida Georgia Line,2021,2
218,-1.0540310279770122,-1.5600444364762214,0.09340341515038997,Waves,Luke Bryan,2021,2
219,0.8143531141032683,0.592466795023939,-0.5626648723080884,On Me,Lil Baby,2021,1
220,-0.20881201029951862,0.805190800900548,-1.2373924316688245,Still Trappin',Lil Durk,2021,1
221,-1.4494877718029664,-1.194649288196704,0.11706496986068117,To Be Loved By You,Parker McCollum,2021,2
222,-2.2255213405448484,0.445625898991972,-1.4853042577828295,Heart On Fire,Eric Church,2021,2
223,2.0547922416560365,-0.3158096194119308,-0.07420343943834452,Beat Box 3 (feat. DaBaby),SpotemGottem,2021,1
224,-1.268967184290624,-0.5894490535182366,-0.6206016560461246,Truth About You,Mitchell Tenpenny,2021,2
225,-0.7110123237474325,-2.0258669805605263,0.43008985005064965,EVERY CHANCE I GET (feat. Lil Baby & Lil Durk),DJ Khaled,2021,2
226,-1.1441757954820213,-0.6257482464704334,0.5264838091280841,Undivided,Tim McGraw,2021,2
227,-2.41722503510843,-0.585403084561425,-1.214806991335513,Minimum Wage,Blake Shelton,2021,2
228,-1.4899209728531233,-1.0296930516090652,0.030549447164896795,One Mississippi,Kane Brown,2021,2
229,-1.6125819973639273,0.27532827405705446,0.9927062156993409,Not Yet,Brett Young,2021,2
230,1.8257899675082263,-0.04189009601807336,0.6796070596891283,Twerkulator,City Girls,2021,1
231,-1.0100187161331464,-0.3803472994940119,0.19298257289891513,Take My Name,Parmalee,2021,2
232,-0.07578784759710652,0.48893250232483326,-1.1479219700639363,Case Closed,Young Dolph,2021,1
233,-0.13092350545091044,0.5805933504158748,0.4154156248987433,"Who Want Smoke?? (feat. G Herbo, Lil Durk & 21 Savage)",Nardo Wick,2021,1
234,0.547325262454218,1.717619847909443,-2.2956435733866725,Ski,Young Stoner Life,2021,1
235,1.5593536561141714,0.13688800723471592,0.2072818086475341,Opp Stoppa (feat. 21 Savage),YBN Nahmir,2021,1
236,-1.532305842310729,-0.8957372894037573,-0.7047567464508677,Same Boat,Zac Brown Band,2021,2
237,-0.806485170293623,-1.695830780892878,0.31223450268485164,That Ain't Me No More,Matt Stell,2021,2
238,-0.7841185838765066,1.6755545159894476,1.7159985981668173,Coulda Loved You Longer,Adam Doleac,2021,2
239,-0.4481826024411882,-0.18321054959358934,-0.7255207698583575,Masterpiece,DaBaby,2021,2
240,1.6572495571173316,-0.10004131885961604,0.40712250456351673,Nevada,YoungBoy Never Broke Again,2021,1
241,0.7649932061640249,-0.0672853975857574,-0.8971142340883251,Wishful Drinking (with Sam Hunt),Ingrid Andress,2021,3
242,-2.4579147165648996,1.6253397058682544,2.212335760591221,Beers On Me,Dierks Bentley,2021,2
243,1.1439726385686415,-1.2472401878509776,0.22465506943701188,Villain,Lily Rose,2021,3
244,-0.7314060787276483,-1.413294840279306,0.12370165898010861,Wilder Days,Morgan Wade,2021,2
245,2.886438703148043,0.8166345419440785,-0.6895786557151425,Outside (Better Days),Blueface,2021,3
246,1.8469174523825296,0.4932088868264425,2.014532128916964,Super Gremlin,Kodak Black,2021,1
247,-0.3329184318382697,-0.3985904659866876,-0.22560531833046918,Why Should We,CHASE WRIGHT,2021,3
248,-1.0878683229665131,-1.1961266686691898,-0.763349090712561,"Back Then, Right Now",Tenille Arts,2021,2
249,0.7184581986460493,0.6852202141537063,1.2212186120467767,justified,Kacey Musgraves,2021,3
250,1.6399462181962479,-0.7881164271104388,0.0015945158056862084,Outside (Better Days),MO3,2021,3
251,-1.554023125392663,0.8247631430659352,0.38150466169608444,Fill Them Boots,Chris Lane,2021,2
252,1.349973575751505,-0.35397637509014884,-0.2945844892404912,Way Less Sad,AJR,2021,2
253,1.7812876104189583,0.6820739574603925,-0.09071201642571915,Throat Baby (Go Baby) (with DaBaby & City Girls) - Remix,BRS Kash,2021,1
254,-1.2237133945890908,-1.466374017136404,-0.19083906212494559,At the End of a Bar,Chris Young,2021,2
255,0.3369218644351203,-0.13823514402211295,-0.7559407631307611,Between You & Me (feat. Ashley Cooke),Roman Alexander,2021,2
256,-2.346480217320328,-1.5336030914041068,-0.13088378766139225,What If I'm Right,Adam Sanders,2021,2
257,-1.0208895533758138,1.7360006767541856,4.584740148308749,9 5 . s o u t h,J. Cole,2021,1
258,1.1297006395648674,1.4498475258140542,0.9141646484308277,WHOLE LOTTA MONEY,BIA,2021,1
259,0.5504366151522002,-0.9908068503363394,0.4153404998337669,Sharing Locations (feat. Lil Baby & Lil Durk),Meek Mill,2021,2
260,2.9959420990536194,-0.3031003057845109,-0.10436337449758624,Knife Talk (with 21 Savage ft. Project Pat),Drake,2021,1
261,2.0271323985793925,1.031016784124272,-0.800598497973786,Rule #1 (feat. Lil Yachty),DDG,2021,1
262,2.206369021036948,-0.08799475406211987,-0.41297430921063794,BIG PURR (Prrdd) (feat. Pooh Shiesty),Coi Leray,2021,1
263,0.590244127176707,-0.5650825019760998,1.116473086342654,family ties (with Kendrick Lamar),Baby Keem,2021,1
264,-0.6137008335958525,0.9175867035766887,-0.16539452453837486,Rich MF (feat. Polo G & Lil Durk),Trippie Redd,2021,1
265,-1.4955919013270067,0.10205810361775541,-0.9598441956091264,Onna Come Up (feat. G Herbo) [Remix],Lil Eazzyy,2021,2
266,-2.433870686227269,-0.4215948657037912,-0.5431082811235939,Woman You Got,Maddie & Tae,2021,2
267,1.0482375669525519,0.2703248395153839,-0.693331304505019,GANG GANG (with Lil Wayne),Polo G,2021,1
268,-1.2129070281230334,0.11900197782757024,-0.6233596606468914,23,Sam Hunt,2021,2
269,-0.39854158768223397,0.6899214031663841,-0.8064589134632543,Ambition For Cash,Key Glock,2021,1
270,-1.3839162218866639,-1.6097739107104467,0.1268130279685429,Best Thing Since Backroads,Jake Owen,2021,2
271,0.5119935120192064,-1.5220810150104125,0.0019166996728370463,Breakups,Seaforth,2021,3
272,0.5788825876443224,-0.10938724919871227,-0.2213531803138917,Who I Smoke,Yungeen Ace,2021,1
273,-1.6302970943691015,1.5196815115236089,2.123100437249233,WUSYANAME (feat. Youngboy Never Broke Again & Ty Dolla $ign),"Tyler, The Creator",2021,2
274,1.1505233512298334,0.6820880493087187,-0.9571481520363905,Touchable,Remble,2021,1
275,-0.28151886785791663,0.158945317032123,-0.7735579483720569,SUVs (Black on Black),Jack Harlow,2021,1
276,-0.27869660606110463,-0.46357375160019,-0.1867762350603662,Town Home,Austin Burke,2021,2
277,0.3615969773977559,1.0479264750446697,0.9017552410896941,NEVER LEFT,Lil Tecca,2021,1
278,-1.8377090904753,-0.4824422412168286,2.1605344768925545,Seeing Green (with Drake & Lil Wayne),Nicki Minaj,2021,2
279,0.9932698756141217,0.686190998497447,-0.779704191488579,Glad You Exist,Dan + Shay,2021,3
280,3.807090921854519,1.0068904766215983,-0.5512545712010196,E-ER (feat. Lil Yachty),DJ Scheme,2021,1
281,0.8304529779283816,0.2687619468700704,-0.17573288530607145,Headshot (feat. Polo G & Fivio Foreign),Lil Tjay,2021,1
282,-2.4400767988244136,0.17006400209378794,-0.9118088339014724,Like A Lady,Lady A,2021,2
283,0.9110183263109884,-1.5710701354932572,0.317594211930266,Ramen & OJ,Joyner Lucas,2021,3
284,-2.2850469814039394,1.3860533609644385,-1.53116031626253,Final Warning,NLE Choppa,2021,1
285,1.26691743879828,1.82113101939454,-0.1744223294951393,Shit Crazy (feat. BIG30),Gucci Mane,2021,1
286,-0.7481887319875601,-0.9561614765798948,-0.3554699845864551,New Truck,Dylan Scott,2021,2
287,1.0717441726012373,-0.15433694185719296,-0.16779555862643997,too easy,Gunna,2021,1
288,-0.023757757451154927,1.0834178828232415,-2.0666645872801137,Batman,LPB Poody,2021,1
289,0.7629449452941284,1.0416644836639888,3.208542563942003,Tequila Shots,Kid Cudi,2021,1
290,0.44040677915464643,-0.9539559227433975,-0.02248048187219183,Doin' This,Luke Combs,2021,3
291,-0.8818674936092552,2.078234215187326,-1.4169361959869915,Thot Shit,Megan Thee Stallion,2021,1
292,0.6736856944332675,-0.6193359549800271,0.14888129235524675,"GRAVITY (FEAT. TYLER, THE CREATOR)",Brent Faiyaz,2021,2
293,0.12990994198873984,-1.837498437646771,0.3277691131872273,Heart Shut (feat. Tenille Townes),Alex Hall,2021,3
294,1.9380833209717405,-0.49929910490334634,0.4265252936707503,Mind of Melvin (feat. Lil Uzi Vert),YNW Melly,2021,3
295,-0.16577233752769915,-1.0342117797350188,-0.19187379711291694,Top (Remix) feat. Lil Durk,Fredo Bang,2021,2
296,1.1364410729235788,-0.5964522539203118,-0.031029771926056448,Straightenin,Migos,2021,1
297,-1.1004811634386407,1.6734437270488147,0.6556266115341063,NO SAD SONGS,Niko Moon,2021,2
298,-1.734553422792679,2.454675174156381,1.8648746434833694,Plug Daughter 2,Kevin Gates,2021,3
299,-0.49213855225710246,-0.3138182811052077,0.4775060662036872,I Get That With You,Josh Melton,2021,2
300,-1.4749011533477256,-0.34441596545654196,-0.4592306173859472,More Than My Hometown,Morgan Wallen,2020,3
301,-1.1407348502869055,0.3207701715458949,-1.1224965146033983,One Of Them Girls,Lee Brice,2020,2
302,-1.66443670709901,0.32596388544083277,-0.5572656795375546,One Margarita,Luke Bryan,2020,2
303,0.9828581879546786,-1.057639938733187,0.006381614842911413,Girl Of My Dreams,Rod Wave,2020,3
304,-1.1902614661389739,2.1569138828184955,2.5468424307412074,Hard To Forget,Sam Hunt,2020,2
305,-1.463419506280031,-0.8054519372279174,-0.1357605900499419,Love You Like I Used To,Russell Dickerson,2020,2
306,-1.442435492818496,1.1560022580242304,0.9124974491653955,Cool Again,Kane Brown,2020,2
307,-2.7268204708088186,0.6201347282433503,0.5353299624784961,Just the Way,Parmalee,2020,2
308,1.0091505197758088,-1.6505652122181766,0.4033372316883862,Be A Light,Thomas Rhett,2020,3
309,1.3288483714806085,0.29270299215404705,-0.4056506519450852,Sum 2 Prove,Lil Baby,2020,1
310,-0.11509465663740137,-1.6997792771736382,0.9782677243705009,Nobody But You (Duet with Gwen Stefani),Blake Shelton,2020,2
311,-2.6796940190478082,0.22217833931189926,1.4367532128055092,I Love My Country,Florida Georgia Line,2020,2
312,-0.2010820203078388,0.8219716439775742,-0.2002798731113179,Lil Top,YoungBoy Never Broke Again,2020,1
313,0.16630701761316408,-0.42531218752349126,-0.22693424491168873,God Whispered Your Name,Keith Urban,2020,3
314,-2.0430356398653187,-0.6467809430045374,-0.5953637832391907,Here And Now,Kenny Chesney,2020,2
315,1.0996439486743816,0.24878215269466084,-0.5529599488387825,Said Sum,Moneybagg Yo,2020,1
316,1.5189978332416554,-0.961656416547222,-0.20398393167002357,Starting Over,Chris Stapleton,2020,3
317,-1.7249015997282793,-0.7560463571319729,-0.5707266625252733,Almost Maybes,Jordan Davis,2020,2
318,-2.4618627900859207,0.7827055612375882,0.9395046600708862,Come Back To Bed,Sean Stemaly,2020,2
319,0.7916728132812687,-1.651747229503971,0.1556532146620471,Lady,Brett Young,2020,3
320,1.0036155444399053,0.19865835603476498,-0.4100292416915148,Took Her To The O,King Von,2020,1
321,0.12807920725332422,0.6532772579605839,-0.5996103545582584,Lo Mein,Lil Uzi Vert,2020,1
322,-1.733938549899387,1.6513783669682864,-0.9194007980271325,PTSD,G Herbo,2020,1
323,-1.981848818377209,0.338973369195651,0.9216208692227713,Momma’s House,Dustin Lynch,2020,2
324,-0.44601951313747695,-1.3797260285274038,-0.12738822293955926,Forever After All,Luke Combs,2020,2
325,0.4924373997842818,0.28794142341693535,-1.3441854906167812,Bang!,AJR,2020,2
326,1.9002003482959402,0.39863768536464717,-0.6214979651217201,3 Headed Goat (feat. Lil Baby & Polo G),Lil Durk,2020,1
327,-1.4272317999031814,0.3985358063130692,0.019015237640606125,Single Saturday Night,Cole Swindell,2020,2
328,-1.4736196662933603,0.7693775059261032,-1.8233372498791527,Girls in the Hood,Megan Thee Stallion,2020,1
329,-1.2586913657894065,0.7589860826888577,-1.7563206713681827,Go Stupid,Polo G,2020,1
330,0.05301368449101726,-0.8257200320975165,0.17980356030888656,I Called Mama,Tim McGraw,2020,3
331,0.8723135567340432,0.28547681568439687,-0.37962351119987986,B*tch From Da Souf (Remix) (feat. Trina),Latto,2020,1
332,2.3329306026710364,-0.4746405694493131,0.04859816282964675,I Should Probably Go To Bed,Dan + Shay,2020,3
333,-0.8162109136832305,2.5120409511801967,-0.8552990128682744,JUMP (feat. YoungBoy Never Broke Again),DaBaby,2020,1
334,-2.212660072904712,1.06601332799699,0.8343249820165599,Holding Out for the One,Tenille Townes,2020,2
335,0.7271698727099503,0.23306772065773798,-0.4328753598904136,Prospect (ft. Lil Baby),iann dior,2020,1
336,2.1653653970443436,-0.43536546759495265,0.009363390428584376,DOLLAZ ON MY HEAD (feat. Young Thug),Gunna,2020,1
337,-0.12234173646629937,-0.414795752689812,-0.4347109187006116,Every Other Memory,Ryan Hurd,2020,2
338,0.7937543244802351,0.6474468243758986,0.29590756185040085,Pussy Talk,City Girls,2020,1
339,0.5787620343967753,0.2157134049756985,-0.7150924583235398,"Numbers (feat. Roddy Ricch, Gunna and London On Da Track)",A Boogie Wit da Hoodie,2020,3
340,-1.4491023409936676,-1.197683847260971,-0.8535077975015977,This Is Us,Jimmie Allen,2020,2
341,-0.6991921917673821,2.6241533163757844,0.1381428616306135,Broke In A Minute,Tory Lanez,2020,1
342,-0.898802879046368,-0.9205736221406088,-0.8413800389688169,Seaside,Billy Currington,2020,2
343,1.3634465410803196,1.4105206218108095,0.7250717245926483,High Fashion (feat. Mustard),Roddy Ricch,2020,1
344,-2.185921472212885,0.6910712449225177,0.9414825807449576,Broken Up,Mitchell Tenpenny,2020,2
345,-0.14799967537675246,-0.7078243561418169,0.4062359681749388,Grew up on That,High Valley,2020,2
346,0.24407600061273632,0.16101682294956987,0.9050223408772757,Famous Hoes,NLE Choppa,2020,3
347,-0.1754354212141463,2.3035734174557434,1.630286250027668,RNB (feat. Megan Thee Stallion),Young Dolph,2020,1
348,1.0488155030864243,0.48165930872471324,-0.8419246469604882,24 (feat. Lil Baby),Money Man,2020,1
349,-1.378556227352467,1.2423763528649108,-1.937078054340932,Need It,Migos,2020,1
350,0.05069377968971191,0.3692937139014843,-0.436345375379175,Conversations,Juice WRLD,2020,2
351,-1.5084737976227756,-0.3961323700369928,-0.8749828954481997,Song About You,Sam Grow,2020,2
352,1.0964248168998072,0.615477959603195,-0.7208900556719023,"Life Is Good (feat. Drake, DaBaby & Lil Baby) - Remix",Future,2020,1
353,-0.10694577553722777,0.9736277040233582,1.8812731763550725,"I Do It (ft. Big Sean, Lil Baby)",Lil Wayne,2020,1
354,-0.6570366297652489,0.5459488524995214,-1.229650932509704,Not A Rapper (feat. Lil Baby & Yo Gotti),42 Dugg,2020,1
355,-3.1997682688582767,0.18106783598256493,-0.8290095468083691,Champagne Night - From Songland,Lady A,2020,2
356,0.6119145670810905,1.6072621446201447,0.5768987780673922,H.O.E. (Heaven On Earth),Yo Gotti,2020,1
357,0.7227125244464796,-0.5068999530288268,0.47003808942546926,Neon Fools,Adam Doleac,2020,2
358,1.8990955856530392,-0.5004861578245577,0.24164648049758242,B.S. (feat. H.E.R.),Jhené Aiko,2020,3
359,1.076251470051557,-1.0480155289983848,0.05469613155862825,Suicidal (feat. Juice WRLD) - Remix,YNW Melly,2020,3
360,1.6927468824790395,0.1823563443762246,-0.394935599396186,Dough,Key Glock,2020,1
361,-1.139453439173766,-0.5835946444849988,-0.727073897491118,GIVE HEAVEN SOME HELL,HARDY,2020,2
362,-1.2090253466754124,2.0841995278710646,-0.1901142817197828,Oprah's Bank Account (Lil Yachty & DaBaby feat. Drake),Lil Yachty,2020,2
363,0.2642804665167829,1.4895490387806456,-0.7154223381764752,DO DAT (feat. DaBaby & Lil Baby),Stunna 4 Vegas,2020,1
364,-2.7466723496925782,0.4193639082779623,1.2459687060039266,hole in the bottle,Kelsea Ballerini,2020,2
365,-0.30260124623875456,2.2275381785645165,2.657742676172849,Turks (with Gunna & ft. Travis Scott),NAV,2020,1
366,-1.217510903756577,-0.5316351933615499,0.4088239075076586,Something You Ain't Ever Had,Waterloo Revival,2020,2
367,0.07350732560340444,0.2884492585319986,-0.16042484108581473,Runnin,21 Savage,2020,1
368,0.3755164272100924,-1.1537432134385994,0.07112079113952217,The Man Who Loves You The Most,Zac Brown Band,2020,2
369,0.47812577770971854,1.5388833906661463,1.0688200634053404,Coffee (feat. Marc E. Bassy),Quinn XCII,2020,1
370,-0.17395613901746818,0.04643088639886675,-1.2904229484412648,Gaslighter,The Chicks,2020,2
371,1.3023681848962918,0.05659362340826208,1.9026139103862372,t h e . c l i m b . b a c k,J. Cole,2020,1
372,2.468290361138384,1.9650720182443666,-0.88294026714082,Moonwalking in Calabasas (feat. Blueface) - Remix,DDG,2020,1
373,2.373572265617912,-0.5242907554920936,0.005027551896341838,"Hey Boy, Hey Girl",Upchurch,2020,2
374,3.0019609808176333,0.9961198967061514,-0.8970869292459811,Onna Come Up,Lil Eazzyy,2020,1
375,-0.8022863402671639,0.7460584060675597,-1.1940750052779563,Havin My Way (feat. Lil Durk),Lil Skies,2020,2
376,-1.0231558043791407,0.01539860978539417,-0.6261431678956375,Break Things,Kylie Morgan,2020,2
377,0.7421709480069785,1.862238002781077,-0.2672814383242177,Yikes,Nicki Minaj,2020,1
378,0.4882577677736184,0.6155262180831085,-0.1088881325527659,VACATION,Tyga,2020,1
379,-1.7050795227231181,2.000212197998147,0.96902806886207,Dior (with Gunna) - Remix,Pop Smoke,2020,1
380,-0.08013785382362079,0.9911364221272033,0.9210538363002494,It's You (I've Been Looking for),Lewis Brice,2020,3
381,1.713697354911448,-0.9296860138237815,0.5969895015533699,Cardigan,Don Toliver,2020,3
382,1.5526618148325837,-2.4344860726528985,0.9955137940274628,Excitement (feat. PARTYNEXTDOOR),Trippie Redd,2020,3
383,-2.371513941354396,0.23879820800949064,-1.550044738567827,Next Girl,Carly Pearce,2020,2
384,-0.12363852666100163,0.7582583925888923,-1.3157141730583473,Hell Of A View,Eric Church,2020,2
385,1.0161852655032948,0.25021890626489013,-0.12244970456832598,Blastoff (feat. Juice Wrld & Trippie Redd),Internet Money,2020,1
386,-1.5163881138570314,0.7533923884111869,4.755347945670707,Josslyn,Olivia O'Brien,2020,2
387,0.7629449452941284,1.0416644836639888,3.208542563942003,Tequila Shots,Kid Cudi,2020,1
388,-1.810637937467803,-0.7918014570779445,1.0497737583560225,Hold You Tonight (with Chris Lane),Gryffin,2020,2
389,-0.9408973944298468,1.4017966864541305,-0.5136200325570507,Tyler Herro,Jack Harlow,2020,2
390,-1.2383371445216107,-0.5912596077589538,-0.5938526768245757,wAnt me back,Lindsay Ell,2020,2
391,1.4157117287860803,1.5005155295936414,1.8072866519284518,FTP,YG,2020,1
392,1.458742639873223,0.022363698479036152,-0.8094026947430529,Blue World,Mac Miller,2020,1
393,0.3642844607046135,-0.7862497138609215,0.3486314234904367,I Hope (feat. Charlie Puth),Gabby Barrett,2020,3
394,-2.689896487412352,0.5672369895764805,0.7868815793315819,No I in Beer,Brad Paisley,2020,2
395,2.1102158684028924,-0.17741007639490852,1.926519234628425,Moon & Stars (feat. Maggie Lindemann),$NOT,2020,3
396,1.7215864874599611,-0.16783209637779922,-0.01725332464565959,Clouded,Brent Faiyaz,2020,3
397,-2.209064239958114,2.743391004141527,2.321455125829102,"Wine, Beer, Whiskey",Little Big Town,2020,2
398,-1.8849050602502886,-0.17546119437611396,-0.6059364081423486,Burn 'Em All,Kameron Marlowe,2020,2
399,0.14048701358209387,0.7669005858890927,-0.7110813580293647,Money Talk (feat. YoungBoy Never Broke Again),Rich The Kid,2020,1
400,0.9743937245121849,-0.7603640539124008,0.2753889161201731,Slime Belief,YoungBoy Never Broke Again,2019,1
401,-0.3973721020747292,-1.698871862193582,0.4266777130741832,God's Country,Blake Shelton,2019,2
402,2.011842571957287,-0.06719671201070114,-0.3261397800162795,One Man Band,Old Dominion,2019,3
403,-1.758124465113329,-0.7600418525556005,-0.7688294229177468,Beer Never Broke My Heart,Luke Combs,2019,2
404,-2.05434510437865,1.1368641492092337,-0.9909838064349223,Look What God Gave Her,Thomas Rhett,2019,2
405,0.18071931494254662,0.7920751169516671,-1.1799930825885494,Cash Shit (feat. DaBaby),Megan Thee Stallion,2019,1
406,-0.8287755804013259,0.6784762960591953,-0.7038111803086581,Goin Baby,DaBaby,2019,1
407,2.5597566210009934,0.27541678150297666,-0.18849476545512,Bitchuary,Shordie Shordie,2019,3
408,-1.180831311633406,1.142654705398337,0.6884178593293383,Knockin' Boots,Luke Bryan,2019,1
409,-2.250231142905991,0.327282421030684,-0.08932493458525814,Raised on Country,Chris Young,2019,2
410,1.5185087976389973,0.8567357380255726,-1.403985088417239,Hot Shower,Chance the Rapper,2019,1
411,1.6154907618115641,0.682434935932674,-0.50679926651971,Shotta Flow,NLE Choppa,2019,1
412,-1.001477113338977,-1.1737714183885406,0.06496044119108359,What Happens In A Small Town,Brantley Gilbert,2019,2
413,-1.4447678349013788,-1.7654789477955424,-0.2061645684323076,GIRL,Maren Morris,2019,2
414,-1.6011530810149117,-0.648137283444368,-0.3069092349634728,Ridin' Roads,Dustin Lynch,2019,2
415,1.740957749466283,1.1852173231312095,-0.5548116489387706,Baby (Lil Baby feat. DaBaby),Quality Control,2019,1
416,0.16675072958947612,0.7667278076833682,-1.1389122464478951,Baby Birkin,Gunna,2019,1
417,-1.6602605097623748,0.09589070821627549,0.8433391644270507,Brand New Man - with Luke Combs,Brooks & Dunn,2019,2
418,-0.6588989825854064,-0.4740878618903726,-0.7634335266442124,Nobody,Dylan Scott,2019,3
419,-0.11737051539234203,0.4624143974454475,-0.9131993924822831,Bleed It,Blueface,2019,1
420,0.18502302340086388,-0.579189410192451,-0.6984372774028406,Tip of My Tongue,Kenny Chesney,2019,2
421,2.0105716016793345,-0.46592163619871746,0.16521654798934315,Mixed Personalities (feat. Kanye West),YNW Melly,2019,3
422,1.3275098703312043,-0.1350735472239173,0.17670702173074285,Ballin' (with Roddy Ricch),Mustard,2019,3
423,1.0796252453919388,-0.5966114126638462,-0.4172517813930652,Pop Out (feat. Lil Tjay),Polo G,2019,1
424,-0.3025869583762731,1.7398900938271562,0.9858698455725893,Put a Date On It (feat. Lil Baby),Yo Gotti,2019,1
425,-1.69052318146142,0.6073959844579345,-1.0419374060181166,Every Little Honky Tonk Bar,George Strait,2019,2
426,-1.6824001373545279,0.4027030341473396,-1.1818924739232755,I Like Girls (feat. Lil Skies),PnB Rock,2019,2
427,-0.22054547546471567,0.7326831741584646,-1.4665665598393007,My Type,Saweetie,2019,1
428,-2.3392371307841384,-0.22327843148513296,-0.7436699866615063,Good Vibes,Chris Janson,2019,2
429,-1.2634552313129763,-0.943401277605405,-0.1963369653623912,We Were,Keith Urban,2019,2
430,0.8739242377516586,2.396249426866862,-1.4992611397362825,Bad Bad Bad (feat. Lil Baby),Young Thug,2019,1
431,2.2467914904208857,0.1638580136693176,0.09822966724859655,That's a Rack,Lil Uzi Vert,2019,1
432,1.706809651117453,-0.43506283699923,-0.00916636708173799,Demons and Angels (feat. Juice WRLD),A Boogie Wit da Hoodie,2019,1
433,0.7726212176142038,0.5356478207637003,-0.9731307530386754,Tap (feat. Meek Mill),NAV,2019,1
434,0.5736746172309202,-1.086075956176818,0.11058213552388661,I Hope,Gabby Barrett,2019,2
435,-1.8851482243102071,0.029366905168767863,-0.7091143913966547,Heartache Medication,Jon Pardi,2019,2
436,-0.16177666970209054,-0.20880432523058423,-1.0632167098906622,"Costa Rica (with Bas & JID feat. Guapdad 4000, Reese LAFLARE, Jace, Mez, Smokepurpp, Buddy & Ski Mask The Slump God)",Dreamville,2019,3
437,0.32878180197129403,-0.9579705492455167,0.06138502493001749,"Big, Big Plans",Chris Lane,2019,2
438,-0.2220809053456386,-0.03823951517246367,-0.6803787661618622,MoshPit (feat. Juice WRLD),Kodak Black,2019,1
439,1.2842685432395105,-0.47616215586701327,-0.10688709988462405,I,Lil Skies,2019,3
440,2.495120410605707,0.651653707161495,-0.7141019908784231,Splashin,Rich The Kid,2019,1
441,0.7957054463082448,-0.22569811418878116,-0.3286381530738406,Famous,Adam Doleac,2019,3
442,1.8290703393503798,-1.5569854849027178,0.701841753506968,Cover Me Up,Morgan Wallen,2019,3
443,0.41390402085388955,0.4532769610132208,0.09647710327223569,Feeling,Juice WRLD,2019,1
444,2.4652563744795164,0.5127319343719268,-0.1354594995178451,Uno,Ambjaay,2019,1
445,0.23289292043320273,-0.038206284050471453,-0.7255019664261815,Young Grizzley World (feat. A Boogie Wit Da Hoodie & YNW Melly),Tee Grizzley,2019,2
446,-1.708172782082612,1.5403973435062888,-1.859613539852731,Ashley (with DaBaby),Stunna 4 Vegas,2019,1
447,1.9832474580132293,-1.125762418802475,0.03908638514673878,F.N,Lil Tjay,2019,3
448,1.8616785135874905,0.6499661289909839,-0.3871697399856693,Start Wit Me (feat. Gunna),Roddy Ricch,2019,1
449,0.6704200340944353,0.7603378264304841,-0.0008471682397420713,No Auto Durk,Only The Family,2019,1
450,-0.7740724665008051,-0.09053321818789317,-0.26640175443628505,On Chill (feat. Jeremih),Wale,2019,1
451,0.19072649413421408,-0.24919581035121768,-0.6236551433040842,Worth It,YK Osiris,2019,3
452,0.20914656337331813,-0.09194530583144031,-0.4287730765203077,Panini - DaBaby Remix,Lil Nas X,2019,2
453,2.1183881215070532,-0.8089259413745543,0.3267718889294128,Did It Again,Lil Tecca,2019,1
454,-0.6012524698151913,1.67800271657227,0.8381245922803914,Tempo (feat. Missy Elliott),Lizzo,2019,1
455,1.4376489754939246,0.9088273911332694,-1.0709320058062455,Thot Thot,JayDaYoungan,2019,1
456,-0.4039656782476495,-1.2319854933336485,0.008841617521167688,What If I Never Get Over You,Lady A,2019,2
457,0.9550577853025636,0.9477022537080789,1.450711367486036,a lot,21 Savage,2019,1
458,-1.2877223088011005,-0.03640063188396281,-1.2452301854154044,Racks in the Middle (feat. Roddy Ricch and Hit-Boy),Nipsey Hussle,2019,1
459,2.354699934515894,-0.3965880455442118,0.3548228235432863,Heart On Ice,Rod Wave,2019,1
460,1.2109095848391058,-0.6664080945902005,-0.07696722665498183,Out The Mud,Lil Baby,2019,1
461,1.8999323061158921,-0.43025428191481835,0.2676880623587735,ORANGE SODA,Baby Keem,2019,1
462,1.2264591008355816,1.145956470659398,-1.0611476831814652,Nameless,Lil Keed,2019,1
463,-1.783975905985399,0.6325884682110007,-0.2352192811082313,Lonely If You Are,Chase Rice,2019,2
464,-0.697760071273825,0.7031222039712257,-0.7325818724097559,Death,Trippie Redd,2019,2
465,-0.127016430788114,0.6053059589573224,0.29833548858352305,Tia Tamera (feat. Rico Nasty),Doja Cat,2019,1
466,-0.133081222139479,-1.7808366490804117,0.12127846073804294,Blessings,Florida Georgia Line,2019,3
467,0.8285200390770788,1.0182513900260355,-1.232922272071919,No Cap (feat. Rich The Kid),83 Babies,2019,1
468,1.5104842175492603,-0.24544010905823777,0.19053704150492912,BIG,Young M.A,2019,1
469,0.7791666833358344,1.4508419601551097,-1.6870502107985645,Alley Oop,Yung Gravy,2019,1
470,0.5418400173565303,0.5180783843185659,-0.41277990815800303,Crushed Up,Future,2019,1
471,1.9461448887013537,0.16659242492812779,0.553969538404792,Have Mercy,Cordae,2019,1
472,2.997805982054841,1.3930076938484997,0.7197711048914209,MIDDLE CHILD,J. Cole,2019,1
473,0.10924093062487848,-0.958195317357193,0.44990007607687243,Single Again,Big Sean,2019,2
474,0.44332449076235786,-1.8629480547468986,0.3802869197625486,homecoming queen?,Kelsea Ballerini,2019,3
475,0.5610356178139791,0.7083548399783409,-1.1245912932498203,Floating (feat. 21 Savage),ScHoolboy Q,2019,1
476,-1.4945569157959868,0.3209890438087898,-1.3689317617483063,It All Comes Out in the Wash,Miranda Lambert,2019,2
477,-0.01365280065385828,1.6528999928935364,-2.0310559578694516,Bacc at it Again,Yella Beezy,2019,1
478,0.6973379311624723,0.37945858518503,0.40941271853403044,La La Land (feat. YG),Bryce Vine,2019,3
479,1.1308198286125188,0.7266100490196273,-0.6563053141901276,Clout (feat. Cardi B),Offset,2019,1
480,3.0308706132215257,0.4248491455428098,-0.3886399415690448,Habit,Still Woozy,2019,1
481,0.6316642774240276,-1.950454623934109,0.701411133822954,I Wish Grandpas Never Died,Riley Green,2019,2
482,2.53090222711712,-0.7953900750086299,0.5199164557625421,Whip (feat. Travis Scott),2 Chainz,2019,1
483,1.2741208959208603,-0.7355305798965707,-0.17396490074874615,Trap House (feat. Shoreline Mafia),03 Greedo,2019,3
484,-0.12773193648131792,0.6997845012741526,-0.9515549693109091,Stuck In A Dream (feat. Gunna),Lil Mosey,2019,3
485,1.85446099452593,-1.230619014086023,0.593095064703986,Triggered (freestyle),Jhené Aiko,2019,3
486,-2.2158935412494465,-0.41994872129769417,1.3361707421728342,We Back,Jason Aldean,2019,2
487,0.7269589777154765,0.5788793653731946,-0.8294814679412778,Dior (feat. Gunna),Moneybagg Yo,2019,1
488,-2.0198524635376693,0.3211511989675901,-0.6446928493107673,Kinfolks,Sam Hunt,2019,2
489,0.44507600425078586,1.571770012932054,2.995886561917554,Honeybee,The Head And The Heart,2019,2
490,-0.3628493023748628,-1.2460709726105452,-0.1889008170102895,Imperfect Flower,Quando Rondo,2019,1
491,1.6152156823208734,-2.5290625796469723,0.9997626975542465,Nothin' on You,Cody Johnson,2019,3
492,-1.191176380212622,0.36548332259867594,-1.2658464436777994,That's How You Got It,John Gurney,2019,2
493,1.3418588419008082,-0.8941390055491846,0.10864461901566985,More Hearts Than Mine,Ingrid Andress,2019,3
494,-0.6439179182171466,1.0789547817590974,-0.974065867543377,Stop Snitchin (feat. DaBaby) - Remix,YG,2019,1
495,-1.848685779962311,-1.1646493707211774,-0.5344643228357426,All On You,Mitchell Tenpenny,2019,2
496,0.8810536988354715,0.3871800711954456,-0.7732358891420309,Water on Water on Water,Young Dolph,2019,1
497,-1.3409852113656193,0.7346526249724951,-1.0769313684981319,Keanu Reeves,Logic,2019,2
498,0.3307718598391121,0.4216153669338367,-0.7157109908695435,Facts,Kevin Gates,2019,1
499,5.003815503579639,0.9288103606327395,-0.15975629607857708,B*tch From Da Souf,Latto,2019,1
